#SampleID,BarcodeSequence,LinkerPrimerSequence,Plate,WellPosition,SequenceName,Catergory,Description
010W1,TCCCTTGTCTCC,CCGGACTACHVGGGTWTCTAAT,Plate1,A01,806rcbc0,smoker,finger
010W2,ACGAGACTGATT,CCGGACTACHVGGGTWTCTAAT,Plate1,A02,806rcbc1,smoker,ear
010W3,GCTGTACGGATT,CCGGACTACHVGGGTWTCTAAT,Plate1,A03,806rcbc2,smoker,nose
010W4,ATCACCAGGTGT,CCGGACTACHVGGGTWTCTAAT,Plate1,A04,806rcbc3,smoker,mouth
010W5,TGGTCAACGATA,CCGGACTACHVGGGTWTCTAAT,Plate1,A05,806rcbc4,smoker,pillowcase
010W6,ATCGCACAGTAA,CCGGACTACHVGGGTWTCTAAT,Plate1,A06,806rcbc5,smoker,bedframe
010W7,GTCGTGTAGCCT,CCGGACTACHVGGGTWTCTAAT,Plate1,A07,806rcbc6,smoker,sheet
010W8,AGCGGAGGTTAG,CCGGACTACHVGGGTWTCTAAT,Plate1,A08,806rcbc7,smoker,table
010W9,ATCCTTTGGTTC,CCGGACTACHVGGGTWTCTAAT,Plate1,A09,806rcbc8,smoker,armRest
010W10,TACAGCGCATAC,CCGGACTACHVGGGTWTCTAAT,Plate1,A10,806rcbc9,smoker,floor
010W11,ACCGGTATGTAC,CCGGACTACHVGGGTWTCTAAT,Plate1,A11,806rcbc10,smoker,control
109W1,AATTGTGTCGGA,CCGGACTACHVGGGTWTCTAAT,Plate1,A12,806rcbc11,non_smoker,finger
006W1,TGCATACACTGG,CCGGACTACHVGGGTWTCTAAT,Plate1,B01,806rcbc12,smoker,finger
006W2,AGTCGAACGAGG,CCGGACTACHVGGGTWTCTAAT,Plate1,B02,806rcbc13,smoker,ear
006W3,ACCAGTGACTCA,CCGGACTACHVGGGTWTCTAAT,Plate1,B03,806rcbc14,smoker,nose
006W4,GAATACCAAGTC,CCGGACTACHVGGGTWTCTAAT,Plate1,B04,806rcbc15,smoker,mouth
006W5,GTAGATCGTGTA,CCGGACTACHVGGGTWTCTAAT,Plate1,B05,806rcbc16,smoker,pillowcase
006W6,TAACGTGTGTGC,CCGGACTACHVGGGTWTCTAAT,Plate1,B06,806rcbc17,smoker,bedframe
006W7,CATTATGGCGTG,CCGGACTACHVGGGTWTCTAAT,Plate1,B07,806rcbc18,smoker,sheet
006W8,CCAATACGCCTG,CCGGACTACHVGGGTWTCTAAT,Plate1,B08,806rcbc19,smoker,table
006W9,GATCTGCGATCC,CCGGACTACHVGGGTWTCTAAT,Plate1,B09,806rcbc20,smoker,armRest
006W10,CAGCTCATCAGC,CCGGACTACHVGGGTWTCTAAT,Plate1,B10,806rcbc21,smoker,floor
006W11,CAAACAACAGCT,CCGGACTACHVGGGTWTCTAAT,Plate1,B11,806rcbc22,smoker,control
006W12,GCAACACCATCC,CCGGACTACHVGGGTWTCTAAT,Plate1,B12,806rcbc23,smoker,pcr_control
008W1,GCGATATATCGC,CCGGACTACHVGGGTWTCTAAT,Plate1,C01,806rcbc24,smoker,finger
008W2,CGAGCAATCCTA,CCGGACTACHVGGGTWTCTAAT,Plate1,C02,806rcbc25,smoker,ear
008W3,AGTCGTGCACAT,CCGGACTACHVGGGTWTCTAAT,Plate1,C03,806rcbc26,smoker,nose
008W4,GTATCTGCGCGT,CCGGACTACHVGGGTWTCTAAT,Plate1,C04,806rcbc27,smoker,mouth
008W5,CGAGGGAAAGTC,CCGGACTACHVGGGTWTCTAAT,Plate1,C05,806rcbc28,smoker,pillowcase
008W6,CAAATTCGGGAT,CCGGACTACHVGGGTWTCTAAT,Plate1,C06,806rcbc29,smoker,bedframe
008W7,AGATTGACCAAC,CCGGACTACHVGGGTWTCTAAT,Plate1,C07,806rcbc30,smoker,sheet
008W8,AGTTACGAGCTA,CCGGACTACHVGGGTWTCTAAT,Plate1,C08,806rcbc31,smoker,table
008W9,GCATATGCACTG,CCGGACTACHVGGGTWTCTAAT,Plate1,C09,806rcbc32,smoker,armRest
008W10,CAACTCCCGTGA,CCGGACTACHVGGGTWTCTAAT,Plate1,C10,806rcbc33,smoker,floor
008W11,TTGCGTTAGCAG,CCGGACTACHVGGGTWTCTAAT,Plate1,C11,806rcbc34,smoker,control
109W2,TACGAGCCCTAA,CCGGACTACHVGGGTWTCTAAT,Plate1,C12,806rcbc35,non_smoker,ear
016W1,CACTACGCTAGA,CCGGACTACHVGGGTWTCTAAT,Plate1,D01,806rcbc36,smoker,finger
016W2,TGCAGTCCTCGA,CCGGACTACHVGGGTWTCTAAT,Plate1,D02,806rcbc37,smoker,ear
016W3,ACCATAGCTCCG,CCGGACTACHVGGGTWTCTAAT,Plate1,D03,806rcbc38,smoker,nose
016W4,TCGACATCTCTT,CCGGACTACHVGGGTWTCTAAT,Plate1,D04,806rcbc39,smoker,mouth
016W5,GAACACTTTGGA,CCGGACTACHVGGGTWTCTAAT,Plate1,D05,806rcbc40,smoker,pillowcase
016W6,GAGCCATCTGTA,CCGGACTACHVGGGTWTCTAAT,Plate1,D06,806rcbc41,smoker,bedframe
016W7,TTGGGTACACGT,CCGGACTACHVGGGTWTCTAAT,Plate1,D07,806rcbc42,smoker,sheet
016W8,AAGGCGCTCCTT,CCGGACTACHVGGGTWTCTAAT,Plate1,D08,806rcbc43,smoker,table
016W9,TAATACGGATCG,CCGGACTACHVGGGTWTCTAAT,Plate1,D09,806rcbc44,smoker,armRest
016W10,TCGGAATTAGAC,CCGGACTACHVGGGTWTCTAAT,Plate1,D10,806rcbc45,smoker,floor
016W11,TGTGAATTCGGA,CCGGACTACHVGGGTWTCTAAT,Plate1,D11,806rcbc46,smoker,control
109W3,CATTCGTGGCGT,CCGGACTACHVGGGTWTCTAAT,Plate1,D12,806rcbc47,non_smoker,nose
019W1,TACTACGTGGCC,CCGGACTACHVGGGTWTCTAAT,Plate1,E01,806rcbc48,smoker,finger
019W2,GGCCAGTTCCTA,CCGGACTACHVGGGTWTCTAAT,Plate1,E02,806rcbc49,smoker,ear
019W3,GATGTTCGCTAG,CCGGACTACHVGGGTWTCTAAT,Plate1,E03,806rcbc50,smoker,nose
019W4,CTATCTCCTGTC,CCGGACTACHVGGGTWTCTAAT,Plate1,E04,806rcbc51,smoker,mouth
019W5,ACTCACAGGAAT,CCGGACTACHVGGGTWTCTAAT,Plate1,E05,806rcbc52,smoker,pillowcase
019W6,ATGATGAGCCTC,CCGGACTACHVGGGTWTCTAAT,Plate1,E06,806rcbc53,smoker,bedframe
019W7,GTCGACAGAGGA,CCGGACTACHVGGGTWTCTAAT,Plate1,E07,806rcbc54,smoker,sheet
019W8,TGTCGCAAATAG,CCGGACTACHVGGGTWTCTAAT,Plate1,E08,806rcbc55,smoker,table
019W9,CATCCCTCTACT,CCGGACTACHVGGGTWTCTAAT,Plate1,E09,806rcbc56,smoker,armRest
019W10,TATACCGCTGCG,CCGGACTACHVGGGTWTCTAAT,Plate1,E10,806rcbc57,smoker,floor
019W11,AGTTGAGGCATT,CCGGACTACHVGGGTWTCTAAT,Plate1,E11,806rcbc58,smoker,control
109W4,ACAATAGACACC,CCGGACTACHVGGGTWTCTAAT,Plate1,E12,806rcbc59,non_smoker,mouth
101W1,CGGTCAATTGAC,CCGGACTACHVGGGTWTCTAAT,Plate1,F01,806rcbc60,non_smoker,finger
101W2,GTGGAGTCTCAT,CCGGACTACHVGGGTWTCTAAT,Plate1,F02,806rcbc61,non_smoker,ear
101W3,GCTCGAAGATTC,CCGGACTACHVGGGTWTCTAAT,Plate1,F03,806rcbc62,non_smoker,nose
101W4,AGGCTTACGTGT,CCGGACTACHVGGGTWTCTAAT,Plate1,F04,806rcbc63,non_smoker,mouth
101W5,TCTCTACCACTC,CCGGACTACHVGGGTWTCTAAT,Plate1,F05,806rcbc64,non_smoker,pillowcase
101W6,ACTTCCAACTTC,CCGGACTACHVGGGTWTCTAAT,Plate1,F06,806rcbc65,non_smoker,bedframe
101W7,CTCACCTAGGAA,CCGGACTACHVGGGTWTCTAAT,Plate1,F07,806rcbc66,non_smoker,sheet
101W8,GTGTTGTCGTGC,CCGGACTACHVGGGTWTCTAAT,Plate1,F08,806rcbc67,non_smoker,table
101W9,CCACAGATCGAT,CCGGACTACHVGGGTWTCTAAT,Plate1,F09,806rcbc68,non_smoker,armRest
101W10,TATCGACACAAG,CCGGACTACHVGGGTWTCTAAT,Plate1,F10,806rcbc69,non_smoker,floor
101W11,GATTCCGGCTCA,CCGGACTACHVGGGTWTCTAAT,Plate1,F11,806rcbc70,non_smoker,control
109W5,CGTAATTGCCGC,CCGGACTACHVGGGTWTCTAAT,Plate1,F12,806rcbc71,non_smoker,pillowcase
102W1,GGTGACTAGTTC,CCGGACTACHVGGGTWTCTAAT,Plate1,G01,806rcbc72,non_smoker,finger
102W2,ATGGGTTCCGTC,CCGGACTACHVGGGTWTCTAAT,Plate1,G02,806rcbc73,non_smoker,ear
102W3,TAGGCATGCTTG,CCGGACTACHVGGGTWTCTAAT,Plate1,G03,806rcbc74,non_smoker,nose
102W4,AACTAGTTCAGG,CCGGACTACHVGGGTWTCTAAT,Plate1,G04,806rcbc75,non_smoker,mouth
102W5,ATTCTGCCGAAG,CCGGACTACHVGGGTWTCTAAT,Plate1,G05,806rcbc76,non_smoker,pillowcase
102W6,AGCATGTCCCGT,CCGGACTACHVGGGTWTCTAAT,Plate1,G06,806rcbc77,non_smoker,bedframe
102W7,GTACGATATGAC,CCGGACTACHVGGGTWTCTAAT,Plate1,G07,806rcbc78,non_smoker,sheet
102W8,GTGGTGGTTTCC,CCGGACTACHVGGGTWTCTAAT,Plate1,G08,806rcbc79,non_smoker,table
102W9,TAGTATGCGCAA,CCGGACTACHVGGGTWTCTAAT,Plate1,G09,806rcbc80,non_smoker,armRest
102W10,TGCGCTGAATGT,CCGGACTACHVGGGTWTCTAAT,Plate1,G10,806rcbc81,non_smoker,floor
102W11,ATGGCTGTCAGT,CCGGACTACHVGGGTWTCTAAT,Plate1,G11,806rcbc82,non_smoker,control
109W6,GTTCTCTTCTCG,CCGGACTACHVGGGTWTCTAAT,Plate1,G12,806rcbc83,non_smoker,bedframe
103W1,CGTAAGATGCCT,CCGGACTACHVGGGTWTCTAAT,Plate1,H01,806rcbc84,non_smoker,finger
103W2,GCGTTCTAGCTG,CCGGACTACHVGGGTWTCTAAT,Plate1,H02,806rcbc85,non_smoker,ear
103W3,GTTGTTCTGGGA,CCGGACTACHVGGGTWTCTAAT,Plate1,H03,806rcbc86,non_smoker,nose
103W4,GGACTTCCAGCT,CCGGACTACHVGGGTWTCTAAT,Plate1,H04,806rcbc87,non_smoker,mouth
103W5,CTCACAACCGTG,CCGGACTACHVGGGTWTCTAAT,Plate1,H05,806rcbc88,non_smoker,pillowcase
103W6,CTGCTATTCCTC,CCGGACTACHVGGGTWTCTAAT,Plate1,H06,806rcbc89,non_smoker,bedframe
103W7,ATGTCACCGCTG,CCGGACTACHVGGGTWTCTAAT,Plate1,H07,806rcbc90,non_smoker,sheet
103W8,TGTAACGCCGAT,CCGGACTACHVGGGTWTCTAAT,Plate1,H08,806rcbc91,non_smoker,table
103W9,AGCAGAACATCT,CCGGACTACHVGGGTWTCTAAT,Plate1,H09,806rcbc92,non_smoker,armRest
103W10,TGGAGTAGGTGG,CCGGACTACHVGGGTWTCTAAT,Plate1,H10,806rcbc93,non_smoker,floor
103W11,TTGGCTCTATTC,CCGGACTACHVGGGTWTCTAAT,Plate1,H11,806rcbc94,non_smoker,control
109W7,GATCCCACGTAC,CCGGACTACHVGGGTWTCTAAT,Plate1,H12,806rcbc95,non_smoker,sheet
104W1,TACCGCTTCTTC,CCGGACTACHVGGGTWTCTAAT,Plate2,A01,806rcbc96,non_smoker,finger
104W2,TGTGCGATAACA,CCGGACTACHVGGGTWTCTAAT,Plate2,A02,806rcbc97,non_smoker,ear
104W3,GATTATCGACGA,CCGGACTACHVGGGTWTCTAAT,Plate2,A03,806rcbc98,non_smoker,nose
104W4,GCCTAGCCCAAT,CCGGACTACHVGGGTWTCTAAT,Plate2,A04,806rcbc99,non_smoker,mouth
104W5,GATGTATGTGGT,CCGGACTACHVGGGTWTCTAAT,Plate2,A05,806rcbc100,non_smoker,pillowcase
104W6,ACTCCTTGTGTT,CCGGACTACHVGGGTWTCTAAT,Plate2,A06,806rcbc101,non_smoker,bedframe
104W7,GTCACGGACATT,CCGGACTACHVGGGTWTCTAAT,Plate2,A07,806rcbc102,non_smoker,sheet
104W8,GCGAGCGAAGTA,CCGGACTACHVGGGTWTCTAAT,Plate2,A08,806rcbc103,non_smoker,table
104W9,ATCTACCGAAGC,CCGGACTACHVGGGTWTCTAAT,Plate2,A09,806rcbc104,non_smoker,armRest
104W10,ACTTGGTGTAAG,CCGGACTACHVGGGTWTCTAAT,Plate2,A10,806rcbc105,non_smoker,floor
104W11,TCTTGGAGGTCA,CCGGACTACHVGGGTWTCTAAT,Plate2,A11,806rcbc106,non_smoker,control
109W8,TCACCTCCTTGT,CCGGACTACHVGGGTWTCTAAT,Plate2,A12,806rcbc107,non_smoker,table
105W1,GCACACCTGATA,CCGGACTACHVGGGTWTCTAAT,Plate2,B01,806rcbc108,non_smoker,finger
105W2,GCGACAATTACA,CCGGACTACHVGGGTWTCTAAT,Plate2,B02,806rcbc109,non_smoker,ear
105W3,TCATGCTCCATT,CCGGACTACHVGGGTWTCTAAT,Plate2,B03,806rcbc110,non_smoker,nose
105W4,AGCTGTCAAGCT,CCGGACTACHVGGGTWTCTAAT,Plate2,B04,806rcbc111,non_smoker,mouth
105W5,GAGAGCAACAGA,CCGGACTACHVGGGTWTCTAAT,Plate2,B05,806rcbc112,non_smoker,pillowcase
105W6,TACTCGGGAACT,CCGGACTACHVGGGTWTCTAAT,Plate2,B06,806rcbc113,non_smoker,bedframe
105W7,CGTGCTTAGGCT,CCGGACTACHVGGGTWTCTAAT,Plate2,B07,806rcbc114,non_smoker,sheet
105W8,TACCGAAGGTAT,CCGGACTACHVGGGTWTCTAAT,Plate2,B08,806rcbc115,non_smoker,table
105W9,CACTCATCATTC,CCGGACTACHVGGGTWTCTAAT,Plate2,B09,806rcbc116,non_smoker,armRest
105W10,GTATTTCGGACG,CCGGACTACHVGGGTWTCTAAT,Plate2,B10,806rcbc117,non_smoker,floor
105W11,TATCTATCCTGC,CCGGACTACHVGGGTWTCTAAT,Plate2,B11,806rcbc118,non_smoker,control
109W9,TTGCCAAGAGTC,CCGGACTACHVGGGTWTCTAAT,Plate2,B12,806rcbc119,non_smoker,armRest
106W1,AGTAGCGGAAGA,CCGGACTACHVGGGTWTCTAAT,Plate2,C01,806rcbc120,non_smoker,finger
106W2,GCAATTAGGTAC,CCGGACTACHVGGGTWTCTAAT,Plate2,C02,806rcbc121,non_smoker,ear
106W3,CATACCGTGAGT,CCGGACTACHVGGGTWTCTAAT,Plate2,C03,806rcbc122,non_smoker,nose
106W4,ATGTGTGTAGAC,CCGGACTACHVGGGTWTCTAAT,Plate2,C04,806rcbc123,non_smoker,mouth
106W5,CCTGCGAAGTAT,CCGGACTACHVGGGTWTCTAAT,Plate2,C05,806rcbc124,non_smoker,pillowcase
106W6,TTCTCTCGACAT,CCGGACTACHVGGGTWTCTAAT,Plate2,C06,806rcbc125,non_smoker,bedframe
106W7,GCTCTCCGTAGA,CCGGACTACHVGGGTWTCTAAT,Plate2,C07,806rcbc126,non_smoker,sheet
106W8,GTTAAGCTGACC,CCGGACTACHVGGGTWTCTAAT,Plate2,C08,806rcbc127,non_smoker,table
106W9,ATGCCATGCCGT,CCGGACTACHVGGGTWTCTAAT,Plate2,C09,806rcbc128,non_smoker,armRest
106W10,GACATTGTCACG,CCGGACTACHVGGGTWTCTAAT,Plate2,C10,806rcbc129,non_smoker,floor
106W11,GCCAACAACCAT,CCGGACTACHVGGGTWTCTAAT,Plate2,C11,806rcbc130,non_smoker,control
109W10,ATCAGTACTAGG,CCGGACTACHVGGGTWTCTAAT,Plate2,C12,806rcbc131,non_smoker,floor
107W1,TCCTCGAGCGAT,CCGGACTACHVGGGTWTCTAAT,Plate2,D01,806rcbc132,non_smoker,finger
107W2,ACCCAAGCGTTA,CCGGACTACHVGGGTWTCTAAT,Plate2,D02,806rcbc133,non_smoker,ear
107W3,TGCAGCAAGATT,CCGGACTACHVGGGTWTCTAAT,Plate2,D03,806rcbc134,non_smoker,nose
107W4,AGCAACATTGCA,CCGGACTACHVGGGTWTCTAAT,Plate2,D04,806rcbc135,non_smoker,mouth
107W5,GATGTGGTGTTA,CCGGACTACHVGGGTWTCTAAT,Plate2,D05,806rcbc136,non_smoker,pillowcase
107W6,CAGAAATGTGTC,CCGGACTACHVGGGTWTCTAAT,Plate2,D06,806rcbc137,non_smoker,bedframe
107W7,GTAGAGGTAGAG,CCGGACTACHVGGGTWTCTAAT,Plate2,D07,806rcbc138,non_smoker,sheet
107W8,CGTGATCCGCTA,CCGGACTACHVGGGTWTCTAAT,Plate2,D08,806rcbc139,non_smoker,table
107W9,GGTTATTTGGCG,CCGGACTACHVGGGTWTCTAAT,Plate2,D09,806rcbc140,non_smoker,armRest
107W10,GGATCGTAATAC,CCGGACTACHVGGGTWTCTAAT,Plate2,D10,806rcbc141,non_smoker,floor
107W11,GCATAGCATCAA,CCGGACTACHVGGGTWTCTAAT,Plate2,D11,806rcbc142,non_smoker,control
109W11,GTGTTAGATGTG,CCGGACTACHVGGGTWTCTAAT,Plate2,D12,806rcbc143,non_smoker,control
108W1,TTAGAGCCATGC,CCGGACTACHVGGGTWTCTAAT,Plate2,E01,806rcbc144,non_smoker,finger
108W2,TGAACCCTATGG,CCGGACTACHVGGGTWTCTAAT,Plate2,E02,806rcbc145,non_smoker,ear
108W3,AGAGTCTTGCCA,CCGGACTACHVGGGTWTCTAAT,Plate2,E03,806rcbc146,non_smoker,nose
108W4,ACAACACTCCGA,CCGGACTACHVGGGTWTCTAAT,Plate2,E04,806rcbc147,non_smoker,mouth
108W5,CGATGCTGTTGA,CCGGACTACHVGGGTWTCTAAT,Plate2,E05,806rcbc148,non_smoker,pillowcase
108W6,ACGACTGCATAA,CCGGACTACHVGGGTWTCTAAT,Plate2,E06,806rcbc149,non_smoker,bedframe
108W7,ACGCGAACTAAT,CCGGACTACHVGGGTWTCTAAT,Plate2,E07,806rcbc150,non_smoker,sheet
108W8,AGCTATGTATGG,CCGGACTACHVGGGTWTCTAAT,Plate2,E08,806rcbc151,non_smoker,table
108W9,ACGGGTCATCAT,CCGGACTACHVGGGTWTCTAAT,Plate2,E09,806rcbc152,non_smoker,armRest
108W10,GAAACATCCCAC,CCGGACTACHVGGGTWTCTAAT,Plate2,E10,806rcbc153,non_smoker,floor
108W11,CGTACTCTCGAG,CCGGACTACHVGGGTWTCTAAT,Plate2,E11,806rcbc154,non_smoker,control
018W1,TCAGTTCTCGTT,CCGGACTACHVGGGTWTCTAAT,Plate2,E12,806rcbc155,smoker,finger
017W1,TCGTGCGTGTTG,CCGGACTACHVGGGTWTCTAAT,Plate2,F01,806rcbc156,smoker,finger
017W2,GTTATCGCATGG,CCGGACTACHVGGGTWTCTAAT,Plate2,F02,806rcbc157,smoker,ear
017W3,GATCACGAGAGG,CCGGACTACHVGGGTWTCTAAT,Plate2,F03,806rcbc158,smoker,nose
017W4,GTAAATTCAGGC,CCGGACTACHVGGGTWTCTAAT,Plate2,F04,806rcbc159,smoker,mouth
017W5,AGTGTTTCGGAC,CCGGACTACHVGGGTWTCTAAT,Plate2,F05,806rcbc160,smoker,pillowcase
017W6,ACACGCGGTTTA,CCGGACTACHVGGGTWTCTAAT,Plate2,F06,806rcbc161,smoker,bedframe
017W7,TGGCAAATCTAG,CCGGACTACHVGGGTWTCTAAT,Plate2,F07,806rcbc162,smoker,sheet
017W8,CACCTTACCTTA,CCGGACTACHVGGGTWTCTAAT,Plate2,F08,806rcbc163,smoker,table
017W9,TTAACCTTCCTG,CCGGACTACHVGGGTWTCTAAT,Plate2,F09,806rcbc164,smoker,armRest
017W10,TGCCGTATGCCA,CCGGACTACHVGGGTWTCTAAT,Plate2,F10,806rcbc165,smoker,floor
017W11,CGTGACAATAGT,CCGGACTACHVGGGTWTCTAAT,Plate2,F11,806rcbc166,smoker,control
018W2,CGCTACAACTCG,CCGGACTACHVGGGTWTCTAAT,Plate2,F12,806rcbc167,smoker,ear
011W1,TTAAGACAGTCG,CCGGACTACHVGGGTWTCTAAT,Plate2,G01,806rcbc168,smoker,finger
011W2,TCTGCACTGAGC,CCGGACTACHVGGGTWTCTAAT,Plate2,G02,806rcbc169,smoker,ear
011W3,CGCAGATTAGTA,CCGGACTACHVGGGTWTCTAAT,Plate2,G03,806rcbc170,smoker,nose
011W4,TGGGTCCCACAT,CCGGACTACHVGGGTWTCTAAT,Plate2,G04,806rcbc171,smoker,mouth
11W5,CACTGGTGCATA,CCGGACTACHVGGGTWTCTAAT,Plate2,G05,806rcbc172,smoker,pillowcase
011W6,AACGTAGGCTCT,CCGGACTACHVGGGTWTCTAAT,Plate2,G06,806rcbc173,smoker,bedframe
011W7,AGTTGTAGTCCG,CCGGACTACHVGGGTWTCTAAT,Plate2,G07,806rcbc174,smoker,sheet
011W8,TCGTCAAACCCG,CCGGACTACHVGGGTWTCTAAT,Plate2,G08,806rcbc175,smoker,table
011W9,TAATCGGTGCCA,CCGGACTACHVGGGTWTCTAAT,Plate2,G09,806rcbc176,smoker,armRest
011W10,TTGATCCGGTAG,CCGGACTACHVGGGTWTCTAAT,Plate2,G10,806rcbc177,smoker,floor
011W11,CGGGTGTTTGCT,CCGGACTACHVGGGTWTCTAAT,Plate2,G11,806rcbc178,smoker,control
018W3,TTGACCGCGGTT,CCGGACTACHVGGGTWTCTAAT,Plate2,G12,806rcbc179,smoker,nose
110W1,GTGCAACCAATC,CCGGACTACHVGGGTWTCTAAT,Plate2,H01,806rcbc180,non_smoker,finger
110W2,GCTTGAGCTTGA,CCGGACTACHVGGGTWTCTAAT,Plate2,H02,806rcbc181,non_smoker,ear
110W3,CGCTGTGGATTA,CCGGACTACHVGGGTWTCTAAT,Plate2,H03,806rcbc182,non_smoker,nose
110W4,CTGTCAGTGACC,CCGGACTACHVGGGTWTCTAAT,Plate2,H04,806rcbc183,non_smoker,mouth
110W5,ACGATTCGAGTC,CCGGACTACHVGGGTWTCTAAT,Plate2,H05,806rcbc184,non_smoker,pillowcase
110W6,GGTTCGGTCCAT,CCGGACTACHVGGGTWTCTAAT,Plate2,H06,806rcbc185,non_smoker,bedframe
110W7,CTGATCCATCTT,CCGGACTACHVGGGTWTCTAAT,Plate2,H07,806rcbc186,non_smoker,sheet
110W8,TATGTGCCGGCT,CCGGACTACHVGGGTWTCTAAT,Plate2,H08,806rcbc187,non_smoker,table
110W9,TGGTCGCATCGT,CCGGACTACHVGGGTWTCTAAT,Plate2,H09,806rcbc188,non_smoker,armRest
110W10,TGTAAGACTTGG,CCGGACTACHVGGGTWTCTAAT,Plate2,H10,806rcbc189,non_smoker,floor
110W11,CGGATCTAGTGT,CCGGACTACHVGGGTWTCTAAT,Plate2,H11,806rcbc190,non_smoker,control
110W12,CGATCTTCGAGC,CCGGACTACHVGGGTWTCTAAT,Plate2,H12,806rcbc191,non_smoker,pcr_control
013W1,AGCCTTCGTCGC,CCGGACTACHVGGGTWTCTAAT,Plate3,A01,806rcbc192,smoker,finger
013W2,TCCATACCGGAA,CCGGACTACHVGGGTWTCTAAT,Plate3,A02,806rcbc193,smoker,ear
013W3,AGCCCTGCTACA,CCGGACTACHVGGGTWTCTAAT,Plate3,A03,806rcbc194,smoker,nose
013W4,CCTAACGGTCCA,CCGGACTACHVGGGTWTCTAAT,Plate3,A04,806rcbc195,smoker,mouth
013W5,CGCGCCTTAAAC,CCGGACTACHVGGGTWTCTAAT,Plate3,A05,806rcbc196,smoker,pillowcase
013W6,TATGGTACCCAG,CCGGACTACHVGGGTWTCTAAT,Plate3,A06,806rcbc197,smoker,bedframe
013W7,TACAATATCTGT,CCGGACTACHVGGGTWTCTAAT,Plate3,A07,806rcbc198,smoker,sheet
013W8,AATTTAGGTAGG,CCGGACTACHVGGGTWTCTAAT,Plate3,A08,806rcbc199,smoker,table
013W9,GACTCAACCAGT,CCGGACTACHVGGGTWTCTAAT,Plate3,A09,806rcbc200,smoker,armRest
013W10,GCCTCTACGTCG,CCGGACTACHVGGGTWTCTAAT,Plate3,A10,806rcbc201,smoker,floor
013W11,ACTACTGAGGAT,CCGGACTACHVGGGTWTCTAAT,Plate3,A11,806rcbc202,smoker,control
013W12,AATTCACCTCCT,CCGGACTACHVGGGTWTCTAAT,Plate3,A12,806rcbc203,smoker,pcr_control
012W1,CGTATAAATGCG,CCGGACTACHVGGGTWTCTAAT,Plate3,B01,806rcbc204,smoker,finger
012W2,ATGCTGCAACAC,CCGGACTACHVGGGTWTCTAAT,Plate3,B02,806rcbc205,smoker,ear
012W3,ACTCGCTCGCTG,CCGGACTACHVGGGTWTCTAAT,Plate3,B03,806rcbc206,smoker,nose
012W4,TTCCTTAGTAGT,CCGGACTACHVGGGTWTCTAAT,Plate3,B04,806rcbc207,smoker,mouth
12W5,CGTCCGTATGAA,CCGGACTACHVGGGTWTCTAAT,Plate3,B05,806rcbc208,smoker,pillowcase
012W6,ACGTGAGGAACG,CCGGACTACHVGGGTWTCTAAT,Plate3,B06,806rcbc209,smoker,bedframe
012W7,GGTTGCCCTGTA,CCGGACTACHVGGGTWTCTAAT,Plate3,B07,806rcbc210,smoker,sheet
012W8,CATATAGCCCGA,CCGGACTACHVGGGTWTCTAAT,Plate3,B08,806rcbc211,smoker,table
012W9,GCCTATGAGATC,CCGGACTACHVGGGTWTCTAAT,Plate3,B09,806rcbc212,smoker,armRest
012W10,CAAGTGAAGGGA,CCGGACTACHVGGGTWTCTAAT,Plate3,B10,806rcbc213,smoker,floor
012W11,CACGTTTATTCC,CCGGACTACHVGGGTWTCTAAT,Plate3,B11,806rcbc214,smoker,control
018W6,GCAACGAACGAG,CCGGACTACHVGGGTWTCTAAT,Plate3,B12,806rcbc215,smoker,bedframe
014W1,TGACTAATGGCC,CCGGACTACHVGGGTWTCTAAT,Plate3,C01,806rcbc216,smoker,finger
014W2,CGGGACACCCGA,CCGGACTACHVGGGTWTCTAAT,Plate3,C02,806rcbc217,smoker,ear
014W3,CTGTCTATACTA,CCGGACTACHVGGGTWTCTAAT,Plate3,C03,806rcbc218,smoker,nose
014W4,TATGCCAGAGAT,CCGGACTACHVGGGTWTCTAAT,Plate3,C04,806rcbc219,smoker,mouth
014W5,CGTTTGGAATGA,CCGGACTACHVGGGTWTCTAAT,Plate3,C05,806rcbc220,smoker,pillowcase
014W6,AAGAACTCATGA,CCGGACTACHVGGGTWTCTAAT,Plate3,C06,806rcbc221,smoker,bedframe
014W7,TGATATCGTCTT,CCGGACTACHVGGGTWTCTAAT,Plate3,C07,806rcbc222,smoker,sheet
014W8,CGGTGACCTACT,CCGGACTACHVGGGTWTCTAAT,Plate3,C08,806rcbc223,smoker,table
014W9,AATGCGCGTATA,CCGGACTACHVGGGTWTCTAAT,Plate3,C09,806rcbc224,smoker,armRest
014W10,CTTGATTCTTGA,CCGGACTACHVGGGTWTCTAAT,Plate3,C10,806rcbc225,smoker,floor
014W11,GAAATCTTGAAG,CCGGACTACHVGGGTWTCTAAT,Plate3,C11,806rcbc226,smoker,control
018W7,GAGATACAGTTC,CCGGACTACHVGGGTWTCTAAT,Plate3,C12,806rcbc227,smoker,table
015W1,ACGTATTCGAAG,CCGGACTACHVGGGTWTCTAAT,Plate3,D01,806rcbc228,smoker,finger
015W2,ACCTTACACCTT,CCGGACTACHVGGGTWTCTAAT,Plate3,D02,806rcbc229,smoker,ear
015W3,TAATCTCGCCGG,CCGGACTACHVGGGTWTCTAAT,Plate3,D03,806rcbc230,smoker,nose
015W4,ATCTAGTGGCAA,CCGGACTACHVGGGTWTCTAAT,Plate3,D04,806rcbc231,smoker,mouth
015W5,ACGCTTAACGAC,CCGGACTACHVGGGTWTCTAAT,Plate3,D05,806rcbc232,smoker,pillowcase
015W6,TACGGATTATGG,CCGGACTACHVGGGTWTCTAAT,Plate3,D06,806rcbc233,smoker,bedframe
015W7,ATACATGCAAGA,CCGGACTACHVGGGTWTCTAAT,Plate3,D07,806rcbc234,smoker,sheet
015W8,CTTAGTGCAGAA,CCGGACTACHVGGGTWTCTAAT,Plate3,D08,806rcbc235,smoker,table
015W9,AATCTTGCGCCG,CCGGACTACHVGGGTWTCTAAT,Plate3,D09,806rcbc236,smoker,armRest
015W10,AGGATCAGGGAA,CCGGACTACHVGGGTWTCTAAT,Plate3,D10,806rcbc237,smoker,floor
015W11,AATAACTAGGGT,CCGGACTACHVGGGTWTCTAAT,Plate3,D11,806rcbc238,smoker,control
018W8,TATTGCAGCAGC,CCGGACTACHVGGGTWTCTAAT,Plate3,D12,806rcbc239,smoker,table
001W1,TGATGTGCTAAG,CCGGACTACHVGGGTWTCTAAT,Plate3,E01,806rcbc240,smoker,finger
001W2,GTAGTAGACCAT,CCGGACTACHVGGGTWTCTAAT,Plate3,E02,806rcbc241,smoker,ear
001W3,AGTAAAGATCGT,CCGGACTACHVGGGTWTCTAAT,Plate3,E03,806rcbc242,smoker,nose
001W4,CTCGCCCTCGCC,CCGGACTACHVGGGTWTCTAAT,Plate3,E04,806rcbc243,smoker,mouth
001W5,TCTCTTTCGACA,CCGGACTACHVGGGTWTCTAAT,Plate3,E05,806rcbc244,smoker,pillowcase
001W6,ACATACTGAGCA,CCGGACTACHVGGGTWTCTAAT,Plate3,E06,806rcbc245,smoker,bedframe
001W7,GTTGATACGATG,CCGGACTACHVGGGTWTCTAAT,Plate3,E07,806rcbc246,smoker,sheet
001W8,GTCAACGCTGTC,CCGGACTACHVGGGTWTCTAAT,Plate3,E08,806rcbc247,smoker,table
001W9,TGAGACCCTACA,CCGGACTACHVGGGTWTCTAAT,Plate3,E09,806rcbc248,smoker,armRest
001W10,CCATGTGGCTCC,CCGGACTACHVGGGTWTCTAAT,Plate3,E10,806rcbc249,smoker,floor
001W11,ATTACGTATCAT,CCGGACTACHVGGGTWTCTAAT,Plate3,E11,806rcbc250,smoker,control
018W5,CACGCAGTCTAC,CCGGACTACHVGGGTWTCTAAT,Plate3,E12,806rcbc251,smoker,pillowcase
003W1,TGTGCACGCCAT,CCGGACTACHVGGGTWTCTAAT,Plate3,F01,806rcbc252,smoker,finger
003W2,CCGGACAAGAAG,CCGGACTACHVGGGTWTCTAAT,Plate3,F02,806rcbc253,smoker,ear
003W3,TTGCTGGACGCT,CCGGACTACHVGGGTWTCTAAT,Plate3,F03,806rcbc254,smoker,nose
003W4,TACTAACGCGGT,CCGGACTACHVGGGTWTCTAAT,Plate3,F04,806rcbc255,smoker,mouth
003W5,GCGATCACACCT,CCGGACTACHVGGGTWTCTAAT,Plate3,F05,806rcbc256,smoker,pillowcase
003W6,CAAACGCACTAA,CCGGACTACHVGGGTWTCTAAT,Plate3,F06,806rcbc257,smoker,bedframe
003W7,GAAGAGGGTTGA,CCGGACTACHVGGGTWTCTAAT,Plate3,F07,806rcbc258,smoker,sheet
003W8,TGAGTGGTCTGT,CCGGACTACHVGGGTWTCTAAT,Plate3,F08,806rcbc259,smoker,table
003W9,TTACACAAAGGC,CCGGACTACHVGGGTWTCTAAT,Plate3,F09,806rcbc260,smoker,armRest
003W10,ACGACGCATTTG,CCGGACTACHVGGGTWTCTAAT,Plate3,F10,806rcbc261,smoker,floor
003W11,TATCCAAGCGCA,CCGGACTACHVGGGTWTCTAAT,Plate3,F11,806rcbc262,smoker,control
018W10,AGAGCCAAGAGC,CCGGACTACHVGGGTWTCTAAT,Plate3,F12,806rcbc263,smoker,floor
007W1,GGTGAGCAAGCA,CCGGACTACHVGGGTWTCTAAT,Plate3,G01,806rcbc264,smoker,finger
007W2,TAAATATACCCT,CCGGACTACHVGGGTWTCTAAT,Plate3,G02,806rcbc265,smoker,ear
007W3,TTGCGGACCCTA,CCGGACTACHVGGGTWTCTAAT,Plate3,G03,806rcbc266,smoker,nose
007W4,GTCGTCCAAATG,CCGGACTACHVGGGTWTCTAAT,Plate3,G04,806rcbc267,smoker,mouth
007W5,TGCACAGTCGCT,CCGGACTACHVGGGTWTCTAAT,Plate3,G05,806rcbc268,smoker,pillowcase
007W6,TTACTGTGGCCG,CCGGACTACHVGGGTWTCTAAT,Plate3,G06,806rcbc269,smoker,bedframe
007W7,GGTTCATGAACA,CCGGACTACHVGGGTWTCTAAT,Plate3,G07,806rcbc270,smoker,sheet
007W8,TAACAATAATTC,CCGGACTACHVGGGTWTCTAAT,Plate3,G08,806rcbc271,smoker,table
007W9,CTTATTAAACGT,CCGGACTACHVGGGTWTCTAAT,Plate3,G09,806rcbc272,smoker,armRest
007W10,AGCGATTCCTCG,CCGGACTACHVGGGTWTCTAAT,Plate3,G10,806rcbc273,smoker,floor
007W11,TATTTGATTGGT,CCGGACTACHVGGGTWTCTAAT,Plate3,G11,806rcbc274,smoker,control
018W11,TGTCAAAGTGAC,CCGGACTACHVGGGTWTCTAAT,Plate3,G12,806rcbc275,smoker,control
005W1,CTATGTATTAGT,CCGGACTACHVGGGTWTCTAAT,Plate3,H01,806rcbc276,smoker,finger
005W2,ACTCCCGTGTGA,CCGGACTACHVGGGTWTCTAAT,Plate3,H02,806rcbc277,smoker,ear
005W3,CGGTATAGCAAT,CCGGACTACHVGGGTWTCTAAT,Plate3,H03,806rcbc278,smoker,nose
005W4,GACTCTGCTCAG,CCGGACTACHVGGGTWTCTAAT,Plate3,H04,806rcbc279,smoker,mouth
005W5,GTCATGCTCCAG,CCGGACTACHVGGGTWTCTAAT,Plate3,H05,806rcbc280,smoker,pillowcase
005W6,TGAGTCATTGAG,CCGGACTACHVGGGTWTCTAAT,Plate3,H06,806rcbc281,smoker,bedframe
005W7,TGAGTATGAGTA,CCGGACTACHVGGGTWTCTAAT,Plate3,H07,806rcbc282,smoker,sheet
005W8,AATGGTTCAGCA,CCGGACTACHVGGGTWTCTAAT,Plate3,H08,806rcbc283,smoker,table
005W9,GAACCAGTACTC,CCGGACTACHVGGGTWTCTAAT,Plate3,H09,806rcbc284,smoker,armRest
005W10,CGCACCCATACA,CCGGACTACHVGGGTWTCTAAT,Plate3,H10,806rcbc285,smoker,floor
005W11,GTGCCATAATCG,CCGGACTACHVGGGTWTCTAAT,Plate3,H11,806rcbc286,smoker,control
018W4,ACTCTTACTTAG,CCGGACTACHVGGGTWTCTAAT,Plate3,H12,806rcbc287,smoker,mouth