sample id,barcode,linkerPrimerSequence,Plate,wellPosition,sequenceName,category,description
S1,CCATGTGGCTCC,CCGGACTACHVGGGTWTCTAAT,Plate3,E10,806rcbc249,smoker,floor
S6,CAGCTCATCAGC,CCGGACTACHVGGGTWTCTAAT,Plate1,B10,806rcbc21,smoker,floor
S8,CAACTCCCGTGA,CCGGACTACHVGGGTWTCTAAT,Plate1,C10,806rcbc33,smoker,floor
S14,CTTGATTCTTGA,CCGGACTACHVGGGTWTCTAAT,Plate3,C10,806rcbc225,smoker,floor
S15,AGGATCAGGGAA,CCGGACTACHVGGGTWTCTAAT,Plate3,D10,806rcbc237,smoker,floor
S16,TCGGAATTAGAC,CCGGACTACHVGGGTWTCTAAT,Plate1,D10,806rcbc45,smoker,floor
S20,TATCGACACAAG,CCGGACTACHVGGGTWTCTAAT,Plate1,F10,806rcbc69,non_smoker,floor
S21,TGCGCTGAATGT,CCGGACTACHVGGGTWTCTAAT,Plate1,G10,806rcbc81,non_smoker,floor
S23,ACTTGGTGTAAG,CCGGACTACHVGGGTWTCTAAT,Plate2,A10,806rcbc105,non_smoker,floor
S24,GTATTTCGGACG,CCGGACTACHVGGGTWTCTAAT,Plate2,B10,806rcbc117,non_smoker,floor
S26,GGATCGTAATAC,CCGGACTACHVGGGTWTCTAAT,Plate2,D10,806rcbc141,non_smoker,floor
S28,ATCAGTACTAGG,CCGGACTACHVGGGTWTCTAAT,Plate2,C12,806rcbc131,non_smoker,floor